{
  "identity": {
    "name": "MyDom",
    "description": "A modern, mobile-first real estate platform for Azerbaijan.",
    "tone": "Professional, Urgent, Trustworthy, Localized",
    "theme": "Light Mode (Primary) with high-contrast accents"
  },
  "typography": {
    "font_family": {
      "headings": "Manrope, sans-serif",
      "body": "Inter, sans-serif"
    },
    "scale": {
      "h1": "text-4xl md:text-5xl font-bold tracking-tight",
      "h2": "text-3xl md:text-4xl font-bold tracking-tight",
      "h3": "text-2xl font-semibold",
      "body": "text-base leading-relaxed",
      "small": "text-sm text-muted-foreground"
    }
  },
  "colors": {
    "primary": {
      "name": "Red",
      "hex": "#E63946",
      "tailwind": "bg-[#E63946] text-white hover:bg-[#D62839]"
    },
    "secondary": {
      "name": "Deep Charcoal",
      "hex": "#1A1A1A",
      "tailwind": "bg-[#1A1A1A] text-white"
    },
    "background": {
      "app": "bg-slate-50",
      "card": "bg-white",
      "modal": "bg-white"
    },
    "status": {
      "vip": "border-yellow-500 shadow-[0_0_15px_rgba(234,179,8,0.3)]",
      "agency": "border-blue-600 shadow-sm",
      "normal": "border-border shadow-sm hover:shadow-md"
    }
  },
  "layout": {
    "container": "max-w-7xl mx-auto px-4 sm:px-6 lg:px-8",
    "grid_listings": "grid grid-cols-1 sm:grid-cols-2 lg:grid-cols-3 gap-6",
    "spacing": {
      "section": "py-12 md:py-16",
      "card_padding": "p-4"
    }
  },
  "components": {
    "header": {
      "style": "sticky top-0 z-50 w-full border-b bg-white/95 backdrop-blur supports-[backdrop-filter]:bg-white/60",
      "elements": ["Logo (Red)", "Nav Items (Hidden mobile)", "Login Button (Outline)", "Mobile Menu Trigger"]
    },
    "hero": {
      "style": "relative h-[500px] flex items-center justify-center overflow-hidden",
      "overlay": "absolute inset-0 bg-black/40 z-10",
      "content": "relative z-20 w-full max-w-3xl px-4 text-center"
    },
    "listing_card": {
      "structure": "flex flex-col overflow-hidden rounded-xl border transition-all duration-200",
      "image_aspect": "aspect-[4/3] or aspect-video",
      "content_padding": "p-4",
      "badges": "absolute top-3 left-3 z-10 flex gap-2"
    },
    "location_modal": {
      "style": "fixed inset-0 z-50 bg-background/80 backdrop-blur-sm data-[state=open]:animate-in data-[state=closed]:animate-out",
      "content": "fixed left-[50%] top-[50%] z-50 grid w-full max-w-lg translate-x-[-50%] translate-y-[-50%] gap-4 border bg-background p-6 shadow-lg duration-200 sm:rounded-lg"
    }
  },
  "assets": {
    "images": {
      "hero_bg": "https://images.pexels.com/photos/4451508/pexels-photo-4451508.jpeg",
      "interiors": [
        "https://images.pexels.com/photos/2123430/pexels-photo-2123430.jpeg",
        "https://images.pexels.com/photos/3496992/pexels-photo-3496992.jpeg"
      ],
      "exteriors": [
        "https://images.pexels.com/photos/3034343/pexels-photo-3034343.jpeg",
        "https://images.pexels.com/photos/323776/pexels-photo-323776.jpeg"
      ]
    },
    "icons": "Lucide React (Home, Search, MapPin, Heart, Phone, User, Menu, X, Check)"
  },
  "instructions_to_main_agent": [
    "Implement 'Manrope' font from Google Fonts via import in index.css.",
    "Use the provided image URLs for mock data. Do not leave images empty.",
    "Create a 'mockData.js' file to simulate the backend response for listings and user auth.",
    "The 'Admin' access is hidden. In the Login Modal, if the user enters 'admin' as username and 'adsa1234' as password, redirect to /admin.",
    "For the Location Modal, mock a JSON structure with Azerbaijan cities (Baku, Ganja, Sumqayit) and Baku districts (Nasimi, Yasamal, Sabail).",
    "Ensure the 'Favorites' toggle persists state to localStorage.",
    "Use 'sonner' for toast notifications (e.g., 'Added to favorites').",
    "The VIP card must have a distinct Gold border and subtle glow. Agency card has Blue border. Normal has Gray.",
    "Mobile responsiveness is priority #1. Test the Location Modal on small screens (should be full width/height or bottom sheet style)."
  ],
  "UNIVERSAL_GUIDELINES_FOR_MAIN_AGENT": [
    "Dark colors look good when used independently without gradients. DO NOT use dark colors as gradients",
    "Don't make generic centered layouts, simplistic gradients, and uniform styling.",
    "Create depth through layered design elements with z-index hierarchy",
    "Use glass-morphism effects with backdrop filters (12-24px blur)",
    "You MUST NOT apply universal transition. Eg: transition: all. This results in breaking transforms. Always add transitions for specific interactive elements like button, input excluding transforms",
    "You MUST NOT center align the app container, ie do not add .App { text-align: center; } in the css file. This disrupts the human natural reading flow of text",
    "Always use modern button styles like pill-shaped, or sharp button with interaction animations & color relevant to the app style",
    "NEVER: use AI assistant Emoji characters like 🤖🧠 etc for icons.",
    "Every interaction needs micro-animations - hover states, transitions. Static = dead.",
    "Use 2-3x more spacing than feels comfortable. Cramped designs look cheap.",
    "Components MUST use named exports (export const ComponentName = ...)",
    "Pages MUST use default exports (export default function PageName() {...})",
    "Use sonner for toasts"
  ]
}